<?xml version="1.0" encoding="UTF-8"?>
<root>
  <item name="com.danielstone.materialaboutlibrary.items.MaterialAboutActionItem int getIconGravity()">
    <annotation name="android.support.annotation.IntDef">
      <val name="value" val="{com.danielstone.materialaboutlibrary.items.MaterialAboutActionItem.GRAVITY_TOP, com.danielstone.materialaboutlibrary.items.MaterialAboutActionItem.GRAVITY_MIDDLE, com.danielstone.materialaboutlibrary.items.MaterialAboutActionItem.GRAVITY_BOTTOM}" />
    </annotation>
  </item>
  <item name="com.danielstone.materialaboutlibrary.items.MaterialAboutActionItem.Builder com.danielstone.materialaboutlibrary.items.MaterialAboutActionItem.Builder setIconGravity(int) 0">
    <annotation name="android.support.annotation.IntDef">
      <val name="value" val="{com.danielstone.materialaboutlibrary.items.MaterialAboutActionItem.GRAVITY_TOP, com.danielstone.materialaboutlibrary.items.MaterialAboutActionItem.GRAVITY_MIDDLE, com.danielstone.materialaboutlibrary.items.MaterialAboutActionItem.GRAVITY_BOTTOM}" />
    </annotation>
  </item>
  <item name="com.danielstone.materialaboutlibrary.items.MaterialAboutActionItem.Builder iconGravity">
    <annotation name="android.support.annotation.IntDef">
      <val name="value" val="{com.danielstone.materialaboutlibrary.items.MaterialAboutActionItem.GRAVITY_TOP, com.danielstone.materialaboutlibrary.items.MaterialAboutActionItem.GRAVITY_MIDDLE, com.danielstone.materialaboutlibrary.items.MaterialAboutActionItem.GRAVITY_BOTTOM}" />
    </annotation>
  </item>
  <item name="com.danielstone.materialaboutlibrary.items.MaterialAboutActionItem.IconGravity">
    <annotation name="android.support.annotation.IntDef">
      <val name="value" val="{com.danielstone.materialaboutlibrary.items.MaterialAboutActionItem.GRAVITY_TOP, com.danielstone.materialaboutlibrary.items.MaterialAboutActionItem.GRAVITY_MIDDLE, com.danielstone.materialaboutlibrary.items.MaterialAboutActionItem.GRAVITY_BOTTOM}" />
    </annotation>
  </item>
</root>

